
    [
        {
            "movietitle": "Hanu Man",
            "imdbmovieid": "tt15433956",
            "movielanguages": [
                "Hindi",
                "Malayalam",
                "Kannada",
                "Tamil",
                "English",
                "Japanese",
                "Chinese",
                "Spanish",
                "Korean",
                "Telugu"
            ],
            "moviecountries": [
                "Australia",
                "Canada",
                "Germany",
                "France",
                "France",
                "United Kingdom",
                "Ireland",
                "India",
                "Norway",
                "United States"
            ],
            "moviemainphotos": [
                "https://m.media-amazon.com/images/M/MV5BYWUwMGFmODMtYmFhNy00YTJlLWFiZDMtZDMwM2Q3NGZkNTgxXkEyXkFqcGdeQXVyMTU4Mzg1OTU2._V1_QL75_UY281_CR4,0,190,281_.jpg"
            ],
            "moviegenres": [
                "Action",
                "Adventure",
                "Fantasy"
            ]
        },
        {
            "movietitle": "Curry & Cyanide: The Jolly Joseph Case",
            "imdbmovieid": "tt30177031",
            "movielanguages": [
                "Malayalam",
                "Hindi",
                "English",
                "Tamil",
                "Telugu",
                "Kannada"
            ],
            "moviecountries": [],
            "moviemainphotos": [
                "https://m.media-amazon.com/images/M/MV5BYjEyNWY5OTYtZjY4Ny00N2MwLTljOTItMzU4YzIyMWViNDgyXkEyXkFqcGdeQXVyMTczODE3MjQ4._V1_QL75_UX190_CR0,28,190,281_.jpg"
            ],
            "moviegenres": [
                "Documentary",
                "Crime"
            ]
        },
        {
            "movietitle": "Spark: L.I.F.E.",
            "imdbmovieid": "tt28526239",
            "movielanguages": [
                "Malayalam",
                "Kannada",
                "Hindi",
                "Telugu",
                "Tamil",
                "English"
            ],
            "moviecountries": [
                "India",
                "United States"
            ],
            "moviemainphotos": [
                "https://m.media-amazon.com/images/M/MV5BMjRmNjBkODctY2IzNC00NTE1LTk1NzItZTFlZDVkMDkwMTU2XkEyXkFqcGdeQXVyMTQ3Mzk2MDg4._V1_QL75_UY281_CR77,0,190,281_.jpg"
            ],
            "moviegenres": [
                "Action",
                "Romance",
                "Thriller"
            ]
        },
        {
            "movietitle": "800",
            "imdbmovieid": "tt27539086",
            "movielanguages": [
                "Tamil",
                "Telugu",
                "Hindi",
                "English",
                "Sinhala",
                "Kannada",
                "Bengali",
                "Malayalam"
            ],
            "moviecountries": [
                "United Arab Emirates",
                "France",
                "United Kingdom",
                "India",
                "Kuwait",
                "Singapore"
            ],
            "moviemainphotos": [
                "https://m.media-amazon.com/images/M/MV5BM2UwMjRmNDEtODkxMi00ODg3LTkxODQtZDJkYTNkMGQ5N2Y1XkEyXkFqcGdeQXVyMTU0ODI1NTA2._V1_QL75_UY281_CR3,0,190,281_.jpg"
            ],
            "moviegenres": [
                "Biography",
                "Sport"
            ]
        },
        {
            "movietitle": "Love-All",
            "imdbmovieid": "tt9511468",
            "movielanguages": [
                "Hindi",
                "Malayalam",
                "Kannada",
                "Telugu",
                "Tamil",
                "English",
                "Oriya",
                "Bengali",
                "Assamese"
            ],
            "moviecountries": [
                "India"
            ],
            "moviemainphotos": [
                "https://m.media-amazon.com/images/M/MV5BMTUzZGNhMzgtMDBkOC00MjdhLWI1YjAtY2E2MTYzMTQzYTE5XkEyXkFqcGdeQXVyODE5NzE3OTE@._V1_QL75_UY281_CR11,0,190,281_.jpg"
            ],
            "moviegenres": [
                "Sport"
            ]
        },
        {
            "movietitle": "Kushi",
            "imdbmovieid": "tt15380630",
            "movielanguages": [
                "Tamil",
                "Kannada",
                "Malayalam",
                "Telugu",
                "English",
                "Kashmiri",
                "Hindi",
                "Urdu"
            ],
            "moviecountries": [
                "United Arab Emirates",
                "United Kingdom",
                "Australia",
                "Canada",
                "France",
                "Ireland",
                "India",
                "Kuwait",
                "Singapore",
                "United States"
            ],
            "moviemainphotos": [
                "https://m.media-amazon.com/images/M/MV5BNmU2Nzc2ZmItMTc5ZS00ZTE5LWEyOTMtMzIwYjBkNTI3Mjg4XkEyXkFqcGdeQXVyMTUyNjIwMDEw._V1_QL75_UY281_CR19,0,190,281_.jpg"
            ],
            "moviegenres": [
                "Comedy",
                "Drama",
                "Romance"
            ]
        },
        {
            "movietitle": "The Vaccine War",
            "imdbmovieid": "tt23554840",
            "movielanguages": [
                "Hindi",
                "Punjabi",
                "Bhojpuri",
                "Telugu",
                "English",
                "Gujarati",
                "Tamil",
                "Bengali",
                "Kannada",
                "Malayalam",
                "Marathi"
            ],
            "moviecountries": [
                "United Arab Emirates",
                "Australia",
                "Germany",
                "Finland",
                "France",
                "United Kingdom",
                "India",
                "Singapore",
                "United States",
                "Ireland"
            ],
            "moviemainphotos": [
                "https://m.media-amazon.com/images/M/MV5BZWJlZGMzODctMjRiNC00MmY5LTlkNGQtMDQ2ZTRmMmYzNThiXkEyXkFqcGdeQXVyMTU0ODI1NTA2._V1_QL75_UY281_CR18,0,190,281_.jpg"
            ],
            "moviegenres": [
                "Drama",
                "Thriller"
            ]
        },
        {
            "movietitle": "Dhoomam",
            "imdbmovieid": "tt22436062",
            "movielanguages": [
                "Malayalam",
                "Telugu",
                "Kannada",
                "Tamil",
                "Hindi",
                "English"
            ],
            "moviecountries": [
                "United Arab Emirates",
                "France",
                "United Kingdom",
                "Ireland",
                "India",
                "United States",
                "Singapore"
            ],
            "moviemainphotos": [
                "https://m.media-amazon.com/images/M/MV5BMDA0NTM3ZjktN2FkNi00ZDkyLTk3MWQtOTY4NWNlMWJjYTljXkEyXkFqcGdeQXVyMjkxNzQ1NDI@._V1_QL75_UY281_CR4,0,190,281_.jpg"
            ],
            "moviegenres": [
                "Action",
                "Adventure",
                "Drama"
            ]
        },
        {
            "movietitle": "Witness",
            "imdbmovieid": "tt23897366",
            "movielanguages": [
                "Malayalam",
                "Telugu",
                "Hindi",
                "Kannada",
                "Tamil",
                "English"
            ],
            "moviecountries": [],
            "moviemainphotos": [
                "https://m.media-amazon.com/images/M/MV5BYzVmMGNhNzAtMDZkMy00ZDRjLWE1OTItNzViMWZmOWNjMjI3XkEyXkFqcGdeQXVyMTUzNTgzNzM0._V1_QL75_UY281_CR17,0,190,281_.jpg"
            ],
            "moviegenres": [
                "Drama"
            ]
        },
        {
            "movietitle": "LILYTH",
            "imdbmovieid": "tt29865751",
            "movielanguages": [
                "Kannada",
                "Telugu",
                "Tamil",
                "Hindi",
                "English",
                "Malayalam"
            ],
            "moviecountries": [
                "India"
            ],
            "moviemainphotos": [],
            "moviegenres": [
                "Thriller"
            ]
        },
        {
            "movietitle": "RRR",
            "imdbmovieid": "tt8178634",
            "movielanguages": [
                "Hindi",
                "Malayalam",
                "Portuguese",
                "Tamil",
                "Kannada",
                "Korean",
                "Turkish",
                "Spanish",
                "Telugu",
                "English"
            ],
            "moviecountries": [
                "Ireland",
                "Israel",
                "Mexico",
                "United Arab Emirates",
                "Australia",
                "Canada",
                "Germany",
                "Egypt",
                "Finland",
                "France",
                "United Kingdom",
                "Indonesia",
                "India",
                "Netherlands",
                "Sweden",
                "Singapore",
                "Thailand",
                "United States",
                "South Africa",
                "Portugal",
                "Japan"
            ],
            "moviemainphotos": [
                "https://m.media-amazon.com/images/M/MV5BODUwNDNjYzctODUxNy00ZTA2LWIyYTEtMDc5Y2E5ZjBmNTMzXkEyXkFqcGdeQXVyODE5NzE3OTE@._V1_QL75_UY281_CR11,0,190,281_.jpg"
            ],
            "moviegenres": [
                "Action",
                "Drama"
            ]
        },
        {
            "movietitle": "Caleb",
            "imdbmovieid": "tt8074128",
            "movielanguages": [
                "Italian",
                "Kannada",
                "Malayalam",
                "Hindi",
                "Telugu",
                "Tamil",
                "English"
            ],
            "moviecountries": [
                "Italy",
                "India",
                "Canada",
                "United States"
            ],
            "moviemainphotos": [
                "https://m.media-amazon.com/images/M/MV5BNjQ1ZDliZjEtOTllMS00NjJmLTgyODMtYzUyZDVkMzM5ODE2XkEyXkFqcGdeQXVyMjM4MDgxMzQ@._V1_QL75_UY281_CR7,0,190,281_.jpg"
            ],
            "moviegenres": [
                "Horror",
                "Mystery",
                "Thriller"
            ]
        },
        {
            "movietitle": "The Jungle Book",
            "imdbmovieid": "tt3040964",
            "movielanguages": [
                "English",
                "Russian",
                "Hindi",
                "Bengali",
                "Kannada",
                "Telugu",
                "Tamil",
                "Assamese",
                "Urdu",
                "Oriya",
                "Punjabi",
                "Malayalam",
                "Marathi",
                "Rajasthani",
                "Haryanvi",
                "Nepali",
                "Swahili"
            ],
            "moviecountries": [
                "Argentina",
                "Australia",
                "Azerbaijan",
                "Bolivia",
                "Belarus",
                "Chile",
                "Colombia",
                "Kazakhstan",
                "Malaysia",
                "Peru",
                "Philippines",
                "Russia",
                "Singapore",
                "Ukraine",
                "Uruguay",
                "Venezuela",
                "Ecuador",
                "Indonesia",
                "India",
                "Mexico",
                "Belgium",
                "Egypt",
                "Finland",
                "France",
                "Cambodia",
                "Luxembourg",
                "Sweden",
                "Thailand",
                "Albania",
                "Austria",
                "Brazil",
                "Germany",
                "Denmark",
                "Croatia",
                "Israel",
                "Italy",
                "Kuwait",
                "Lebanon",
                "North Macedonia",
                "Netherlands",
                "Oman",
                "Portugal",
                "Serbia",
                "Slovakia",
                "Bulgaria",
                "Canada",
                "China",
                "Estonia",
                "Spain",
                "United Kingdom",
                "Ireland"
            ],
            "moviemainphotos": [
                "https://m.media-amazon.com/images/M/MV5BMTc3NTUzNTI4MV5BMl5BanBnXkFtZTgwNjU0NjU5NzE@._V1_QL75_UX190_CR0,0,190,281_.jpg"
            ],
            "moviegenres": [
                "Animation",
                "Action",
                "Adventure"
            ]
        },
        {
            "movietitle": "Swami Ayyappan",
            "imdbmovieid": "tt2335908",
            "movielanguages": [
                "Malayalam",
                "English",
                "Hindi",
                "Tamil",
                "Telugu",
                "Kannada"
            ],
            "moviecountries": [],
            "moviemainphotos": [
                "https://m.media-amazon.com/images/M/MV5BMTA3YTgwMDItZDBlYi00MDJlLWI2OWItY2JlMzA5ODI2OTc2XkEyXkFqcGdeQXVyMjkxNzQ1NDI@._V1_QL75_UY281_CR4,0,190,281_.jpg"
            ],
            "moviegenres": [
                "Animation",
                "Action",
                "Adventure"
            ]
        },
        {
            "movietitle": "Malaikottai Vaaliban",
            "imdbmovieid": "tt23023596",
            "movielanguages": [
                "Tamil",
                "Telugu",
                "Hindi",
                "Kannada",
                "Malayalam"
            ],
            "moviecountries": [
                "France",
                "France",
                "Ireland",
                "India",
                "United States"
            ],
            "moviemainphotos": [
                "https://m.media-amazon.com/images/M/MV5BMTRkOTlmNjQtNTdlZS00Mjc2LTg4NjItOTVhN2NhZTk2NmQ1XkEyXkFqcGdeQXVyNTI0NzYwMTI@._V1_QL75_UY281_CR18,0,190,281_.jpg"
            ],
            "moviegenres": [
                "Action",
                "Drama",
                "Fantasy"
            ]
        },
        {
            "movietitle": "Bhai - Sleeper Cells",
            "imdbmovieid": "tt14111672",
            "movielanguages": [
                "Hindi",
                "Malayalam",
                "Tamil",
                "Telugu",
                "Kannada"
            ],
            "moviecountries": [
                "India"
            ],
            "moviemainphotos": [
                "https://m.media-amazon.com/images/M/MV5BMmNkMzVmNDktZmJiOC00Mjk2LWIzNDEtNjc3MTJlMDAxNjM5XkEyXkFqcGdeQXVyODA4MzQ2NDk@._V1_QL75_UX190_CR0,2,190,281_.jpg"
            ],
            "moviegenres": [
                "Thriller"
            ]
        },
        {
            "movietitle": "Ayalaan",
            "imdbmovieid": "tt7892066",
            "movielanguages": [
                "Tamil",
                "Kannada",
                "Telugu",
                "Malayalam",
                "Hindi"
            ],
            "moviecountries": [
                "France",
                "United Kingdom",
                "Ireland",
                "India",
                "Norway",
                "United States"
            ],
            "moviemainphotos": [
                "https://m.media-amazon.com/images/M/MV5BMzYxZWEyOGMtZGY0Ny00ZjFmLWIxNGMtNDY5NGQyMzdkMzM5XkEyXkFqcGdeQXVyMTUyNjIwMDEw._V1_QL75_UX190_CR0,2,190,281_.jpg"
            ],
            "moviegenres": [
                "Action",
                "Adventure",
                "Sci-Fi"
            ]
        },
        {
            "movietitle": "Saindhav",
            "imdbmovieid": "tt27118258",
            "movielanguages": [
                "Tamil",
                "Malayalam",
                "Kannada",
                "Hindi",
                "Telugu"
            ],
            "moviecountries": [
                "Ireland",
                "United States",
                "France",
                "India"
            ],
            "moviemainphotos": [
                "https://m.media-amazon.com/images/M/MV5BNjBhMzNjOTMtMDRhMi00MDEwLWFiYmMtZjdlMzNkNDE0ZGQ2XkEyXkFqcGdeQXVyMTUyNjIwMDEw._V1_QL75_UY281_CR6,0,190,281_.jpg"
            ],
            "moviegenres": [
                "Action",
                "Crime",
                "Drama"
            ]
        },
        {
            "movietitle": "Neelakanta",
            "imdbmovieid": "tt27142469",
            "movielanguages": [
                "Tamil",
                "Malayalam",
                "Kannada",
                "Telugu",
                "Hindi"
            ],
            "moviecountries": [
                "India"
            ],
            "moviemainphotos": [
                "https://m.media-amazon.com/images/M/MV5BMTk3MjIxMmQtZDVjZi00NTNlLThjYTQtNzlkNjNhMjZiZDIwXkEyXkFqcGdeQXVyMTA0MDMwNDEy._V1_QL75_UY281_CR11,0,190,281_.jpg"
            ],
            "moviegenres": [
                "Action"
            ]
        },
        {
            "movietitle": "On the Road",
            "imdbmovieid": "tt29542970",
            "movielanguages": [
                "Malayalam",
                "Kannada",
                "Telugu",
                "Tamil",
                "Hindi"
            ],
            "moviecountries": [
                "India"
            ],
            "moviemainphotos": [
                "https://m.media-amazon.com/images/M/MV5BMDM2MzVhZTgtYjZkNC00M2FiLWJkZTgtZjNhYjNjMDE4MTQ1XkEyXkFqcGdeQXVyMTA0MDMwNDEy._V1_QL75_UY281_CR7,0,190,281_.jpg"
            ],
            "moviegenres": [
                "Adventure",
                "Drama",
                "Thriller"
            ]
        },
        {
            "movietitle": "Dry Day",
            "imdbmovieid": "tt28024755",
            "movielanguages": [
                "Kannada",
                "Telugu",
                "Tamil",
                "Malayalam",
                "Hindi"
            ],
            "moviecountries": [],
            "moviemainphotos": [
                "https://m.media-amazon.com/images/M/MV5BZjVjMzkyOWEtZmQ3Zi00ZjE5LWEzZTUtODc4ZjdmOTI1Njg1XkEyXkFqcGdeQXVyODE5NzE3OTE@._V1_QL75_UY281_CR18,0,190,281_.jpg"
            ],
            "moviegenres": [
                "Comedy"
            ]
        },
        {
            "movietitle": "Salaar",
            "imdbmovieid": "tt13927994",
            "movielanguages": [
                "Hindi",
                "Malayalam",
                "Kannada",
                "Tamil",
                "Telugu"
            ],
            "moviecountries": [
                "United States",
                "Australia",
                "Canada",
                "Germany",
                "Finland",
                "France",
                "United Kingdom",
                "Ireland",
                "India",
                "Kuwait",
                "Norway"
            ],
            "moviemainphotos": [
                "https://m.media-amazon.com/images/M/MV5BMmU4ZTM0MTctZTQ3Ny00YjZmLWFhNzEtOGYzMDk0ZjcyNmYzXkEyXkFqcGdeQXVyMTUyNjIwMDEw._V1_QL75_UY281_CR18,0,190,281_.jpg"
            ],
            "moviegenres": [
                "Action",
                "Crime",
                "Drama"
            ]
        },
        {
            "movietitle": "Fight Club",
            "imdbmovieid": "tt15561202",
            "movielanguages": [
                "Tamil",
                "Hindi",
                "Kannada",
                "Telugu",
                "Malayalam"
            ],
            "moviecountries": [
                "France",
                "India"
            ],
            "moviemainphotos": [
                "https://m.media-amazon.com/images/M/MV5BMGFlNWM0NWYtMWI3OS00OTMyLTg0YWYtNjhlNjRiYWUyZjRlXkEyXkFqcGdeQXVyMTUzNTgzNzM0._V1_QL75_UX190_CR0,9,190,281_.jpg"
            ],
            "moviegenres": [
                "Action"
            ]
        },
        {
            "movietitle": "Neru",
            "imdbmovieid": "tt28358950",
            "movielanguages": [
                "Malayalam",
                "Hindi",
                "Tamil",
                "Telugu",
                "Kannada"
            ],
            "moviecountries": [
                "Canada",
                "United Kingdom",
                "India",
                "United States",
                "Austria",
                "Ireland",
                "France"
            ],
            "moviemainphotos": [
                "https://m.media-amazon.com/images/M/MV5BMTNjODdkNzUtZWEzOC00MWJjLWJmYzMtYjM3NjQyM2M4NzI5XkEyXkFqcGdeQXVyNTI0NzYwMTI@._V1_QL75_UX190_CR0,2,190,281_.jpg"
            ],
            "moviegenres": [
                "Drama"
            ]
        },
        {
            "movietitle": "Mast Mein Rehne Ka",
            "imdbmovieid": "tt29613587",
            "movielanguages": [
                "Hindi",
                "Malayalam",
                "Telugu",
                "Kannada",
                "Tamil"
            ],
            "moviecountries": [],
            "moviemainphotos": [
                "https://m.media-amazon.com/images/M/MV5BZDhjYmUzZGEtOWIyYi00ZDgzLWEwNmQtZGI4MjdhMDg1YTQ4XkEyXkFqcGdeQXVyMTUzNTgzNzM0._V1_QL75_UY281_CR17,0,190,281_.jpg"
            ],
            "moviegenres": [
                "Drama"
            ]
        },
        {
            "movietitle": "Hi Nanna",
            "imdbmovieid": "tt25433734",
            "movielanguages": [
                "Telugu",
                "Hindi",
                "Tamil",
                "Malayalam",
                "Kannada"
            ],
            "moviecountries": [
                "United States",
                "Germany",
                "France",
                "United Kingdom",
                "Ireland",
                "India"
            ],
            "moviemainphotos": [
                "https://m.media-amazon.com/images/M/MV5BMjZkNTdhOTMtYzg0Yy00YjA4LTljOTQtZWRkNTZkMTY3Y2Y3XkEyXkFqcGdeQXVyMTUzNTgzNzM0._V1_QL75_UX190_CR0,2,190,281_.jpg"
            ],
            "moviegenres": [
                "Drama",
                "Family",
                "Romance"
            ]
        },
        {
            "movietitle": "Mangalavaram",
            "imdbmovieid": "tt26763310",
            "movielanguages": [
                "Telugu",
                "Malayalam",
                "Kannada",
                "Tamil",
                "Hindi"
            ],
            "moviecountries": [
                "Canada",
                "United Kingdom",
                "Ireland",
                "India",
                "United States"
            ],
            "moviemainphotos": [
                "https://m.media-amazon.com/images/M/MV5BZjk4OGMwMDUtZWVmZS00OGU4LWFjNTEtNGQyMzcxYWQyM2ExXkEyXkFqcGdeQXVyMTQ3Mzk2MDg4._V1_QL75_UY281_CR17,0,190,281_.jpg"
            ],
            "moviegenres": [
                "Action",
                "Horror",
                "Thriller"
            ]
        },
        {
            "movietitle": "Falimy",
            "imdbmovieid": "tt11410312",
            "movielanguages": [
                "Malayalam",
                "Tamil",
                "Kannada",
                "Hindi",
                "Telugu"
            ],
            "moviecountries": [
                "United Kingdom",
                "India",
                "Kuwait",
                "Ireland",
                "United States"
            ],
            "moviemainphotos": [
                "https://m.media-amazon.com/images/M/MV5BZjgyMzRiNjYtZTg1Ny00NmVkLWI5NTEtYzFiMmYwYWU3ZDYxXkEyXkFqcGdeQXVyMjkxNzQ1NDI@._V1_QL75_UY281_CR1,0,190,281_.jpg"
            ],
            "moviegenres": [
                "Drama"
            ]
        },
        {
            "movietitle": "Sesham Mikeil Fathima",
            "imdbmovieid": "tt22036880",
            "movielanguages": [
                "Malayalam",
                "Hindi",
                "Telugu",
                "Tamil",
                "Kannada"
            ],
            "moviecountries": [
                "United Arab Emirates",
                "Bahrain",
                "United Kingdom",
                "India",
                "Kuwait",
                "Oman",
                "Qatar",
                "Saudi Arabia",
                "Ireland"
            ],
            "moviemainphotos": [
                "https://m.media-amazon.com/images/M/MV5BYjM0MjY2MTMtMmIzOC00Mjg3LTg2ZmUtMmZmNjI0NDFiMjMwXkEyXkFqcGdeQXVyMjkxNzQ1NDI@._V1_QL75_UY281_CR1,0,190,281_.jpg"
            ],
            "moviegenres": [
                "Comedy"
            ]
        },
        {
            "movietitle": "Jigarthanda Double X",
            "imdbmovieid": "tt24226474",
            "movielanguages": [
                "Tamil",
                "Hindi",
                "Telugu",
                "Kannada",
                "Malayalam"
            ],
            "moviecountries": [
                "Australia",
                "Canada",
                "France",
                "Ireland",
                "India",
                "Kuwait",
                "United States",
                "United Kingdom",
                "Japan"
            ],
            "moviemainphotos": [
                "https://m.media-amazon.com/images/M/MV5BMzA2ZTgxNzgtYjM3Ni00NTI1LWJiMjAtMWViNWUzNzIwYTgwXkEyXkFqcGdeQXVyMTMxODA4Njgx._V1_QL75_UX190_CR0,2,190,281_.jpg"
            ],
            "moviegenres": [
                "Action",
                "Comedy",
                "Drama"
            ]
        },
        {
            "movietitle": "Narakasura",
            "imdbmovieid": "tt15839792",
            "movielanguages": [
                "Tamil",
                "Telugu",
                "Hindi",
                "Malayalam",
                "Kannada"
            ],
            "moviecountries": [
                "India"
            ],
            "moviemainphotos": [
                "https://m.media-amazon.com/images/M/MV5BODFjNGZjOTYtM2VlOC00YTBmLWI5YTMtOTM0MmQxZTc0MmIyXkEyXkFqcGdeQXVyOTc2MTgwNjY@._V1_QL75_UX190_CR0,2,190,281_.jpg"
            ],
            "moviegenres": [
                "Action",
                "Comedy",
                "Family"
            ]
        },
        {
            "movietitle": "Martin Luther King",
            "imdbmovieid": "tt29228476",
            "movielanguages": [
                "Telugu",
                "Malayalam",
                "Tamil",
                "Hindi",
                "Kannada"
            ],
            "moviecountries": [
                "India",
                "United States"
            ],
            "moviemainphotos": [
                "https://m.media-amazon.com/images/M/MV5BNDQ4MzMwNmYtNWYyMC00NTZlLWJhYjgtMTJlNzU3Y2I5MWVjXkEyXkFqcGdeQXVyMzI4MzEwNQ@@._V1_QL75_UY281_CR6,0,190,281_.jpg"
            ],
            "moviegenres": [
                "Drama"
            ]
        },
        {
            "movietitle": "12th Fail",
            "imdbmovieid": "tt23849204",
            "movielanguages": [
                "Hindi",
                "Malayalam",
                "Tamil",
                "Telugu",
                "Kannada"
            ],
            "moviecountries": [
                "United Arab Emirates",
                "Australia",
                "Canada",
                "United Kingdom",
                "Ireland",
                "India",
                "United States"
            ],
            "moviemainphotos": [
                "https://m.media-amazon.com/images/M/MV5BOTJlY2U2ZmYtMzU3Ny00ZDI3LWEwMDYtOWIxNzdhZDI5ZWRkXkEyXkFqcGdeQXVyMTY3ODkyNDkz._V1_QL75_UY281_CR12,0,190,281_.jpg"
            ],
            "moviegenres": [
                "Biography",
                "Drama"
            ]
        },
        {
            "movietitle": "Pulimada",
            "imdbmovieid": "tt28337918",
            "movielanguages": [
                "Malayalam",
                "Hindi",
                "Telugu",
                "Kannada",
                "Tamil"
            ],
            "moviecountries": [
                "India",
                "United Arab Emirates"
            ],
            "moviemainphotos": [
                "https://m.media-amazon.com/images/M/MV5BY2YwNzkyZTgtZTk2OS00MjIwLWEyM2ItZGJiZTI1NWZkZTE3XkEyXkFqcGdeQXVyMTU0ODI1NTA2._V1_QL75_UY281_CR18,0,190,281_.jpg"
            ],
            "moviegenres": [
                "Comedy",
                "Crime",
                "Drama"
            ]
        },
        {
            "movietitle": "Ghost",
            "imdbmovieid": "tt27125266",
            "movielanguages": [
                "Kannada",
                "Tamil",
                "Telugu",
                "Hindi",
                "Malayalam"
            ],
            "moviecountries": [
                "India",
                "Germany",
                "Ireland",
                "United Arab Emirates",
                "United States",
                "India"
            ],
            "moviemainphotos": [
                "https://m.media-amazon.com/images/M/MV5BZGJiYTY3ODUtZWEzYy00MWRiLTg2ODctZjk5OGVkMTlkZDg3XkEyXkFqcGdeQXVyMTIyNzY0NTMx._V1_QL75_UX190_CR0,28,190,281_.jpg"
            ],
            "moviegenres": [
                "Action",
                "Thriller"
            ]
        },
        {
            "movietitle": "Ganapath: Hero is Born",
            "imdbmovieid": "tt13334578",
            "movielanguages": [
                "Hindi",
                "Kannada",
                "Telugu",
                "Malayalam",
                "Tamil",
                "Marathi"
            ],
            "moviecountries": [
                "United Arab Emirates",
                "Australia",
                "Germany",
                "Finland",
                "United Kingdom",
                "Ireland",
                "India",
                "Singapore",
                "United States",
                "South Africa",
                "Kuwait",
                "Saudi Arabia"
            ],
            "moviemainphotos": [
                "https://m.media-amazon.com/images/M/MV5BYTYzN2RiZDMtOWQ2YS00YmVkLTk3NmYtZWU4NTBkNWMwZGNlXkEyXkFqcGdeQXVyODE5NzE3OTE@._V1_QL75_UY281_CR11,0,190,281_.jpg"
            ],
            "moviegenres": [
                "Action",
                "Drama",
                "Sci-Fi"
            ]
        },
        {
            "movietitle": "Saptha Sagaradaache Ello - Side A",
            "imdbmovieid": "tt11992424",
            "movielanguages": [
                "Kannada",
                "Telugu",
                "Tamil",
                "Hindi",
                "Malayalam"
            ],
            "moviecountries": [
                "Finland",
                "France",
                "United Kingdom",
                "Ireland",
                "India",
                "United States",
                "United Arab Emirates",
                "India",
                "Singapore"
            ],
            "moviemainphotos": [
                "https://m.media-amazon.com/images/M/MV5BM2E2ODFhYjgtN2QzYy00ZjlkLTgzZjgtNDkwODA2YWEwMDc3XkEyXkFqcGdeQXVyMTU0MDA4MDkz._V1_QL75_UY281_CR3,0,190,281_.jpg"
            ],
            "moviegenres": [
                "Drama",
                "Romance"
            ]
        },
        {
            "movietitle": "Dreadful Chapters",
            "imdbmovieid": "tt21257310",
            "movielanguages": [
                "Malayalam",
                "Tamil",
                "Hindi",
                "Kannada",
                "Telugu"
            ],
            "moviecountries": [],
            "moviemainphotos": [
                "https://m.media-amazon.com/images/M/MV5BZDE0ZGZiZDItODUxOC00MjM0LWI2ZDYtMjU1NDdhMDA5NGE2XkEyXkFqcGdeQXVyNjgxNDU4MTQ@._V1_QL75_UX190_CR0,2,190,281_.jpg"
            ],
            "moviegenres": [
                "Horror",
                "Thriller"
            ]
        },
        {
            "movietitle": "King of Kotha",
            "imdbmovieid": "tt15134398",
            "movielanguages": [
                "Hindi",
                "Telugu",
                "Tamil",
                "Kannada",
                "Malayalam"
            ],
            "moviecountries": [
                "United Arab Emirates",
                "Finland",
                "Ireland",
                "India",
                "Singapore",
                "France",
                "United States"
            ],
            "moviemainphotos": [
                "https://m.media-amazon.com/images/M/MV5BYzI3ZGEzM2EtNmU3ZC00YTE2LTg4ZDctMjcxNjliOTBlYjkyXkEyXkFqcGdeQXVyMjkxNzQ1NDI@._V1_QL75_UY281_CR2,0,190,281_.jpg"
            ],
            "moviegenres": [
                "Action",
                "Crime",
                "Drama"
            ]
        },
        {
            "movietitle": "Gadar 2",
            "imdbmovieid": "tt15441054",
            "movielanguages": [
                "Hindi",
                "Punjabi",
                "Kannada",
                "Tamil",
                "Telugu",
                "Malayalam"
            ],
            "moviecountries": [
                "United Arab Emirates",
                "Australia",
                "Bulgaria",
                "Bahrain",
                "Canada",
                "Germany",
                "Denmark",
                "Egypt",
                "France",
                "United Kingdom",
                "Indonesia",
                "Ireland",
                "Israel",
                "India",
                "Iran",
                "South Korea",
                "Netherlands",
                "New Zealand",
                "Singapore",
                "United States",
                "South Africa"
            ],
            "moviemainphotos": [
                "https://m.media-amazon.com/images/M/MV5BYzU3ZjVjNTMtYzBlZi00MmIwLWFhMGEtYjljNjU1YTE5YmUwXkEyXkFqcGdeQXVyMTY1OTgwMDAx._V1_QL75_UX190_CR0,28,190,281_.jpg"
            ],
            "moviegenres": [
                "Action",
                "Adventure",
                "Drama"
            ]
        },
        {
            "movietitle": "Bholaa Shankar",
            "imdbmovieid": "tt13131610",
            "movielanguages": [
                "Telugu",
                "Tamil",
                "Kannada",
                "Hindi",
                "Malayalam"
            ],
            "moviecountries": [
                "United Arab Emirates",
                "Norway",
                "France",
                "Ireland",
                "India",
                "Kuwait",
                "Singapore",
                "United States"
            ],
            "moviemainphotos": [
                "https://m.media-amazon.com/images/M/MV5BYzNjMGYzMmEtYTkzYS00MGE3LThkMTEtYTM2MjM0ZTdjZmYxXkEyXkFqcGdeQXVyMTcyNDY1NDgw._V1_QL75_UX190_CR0,2,190,281_.jpg"
            ],
            "moviegenres": [
                "Action",
                "Crime",
                "Drama"
            ]
        },
        {
            "movietitle": "Jailer",
            "imdbmovieid": "tt11663228",
            "movielanguages": [
                "Tamil",
                "Malayalam",
                "Hindi",
                "Telugu",
                "Kannada"
            ],
            "moviecountries": [
                "United States",
                "United Arab Emirates",
                "Australia",
                "Germany",
                "France",
                "United Kingdom",
                "India",
                "Kuwait",
                "Norway",
                "Singapore",
                "Canada",
                "Ireland",
                "Poland",
                "Japan"
            ],
            "moviemainphotos": [
                "https://m.media-amazon.com/images/M/MV5BMTJmZmQ2OGUtZTg0NS00ZmYzLWJjOGItYmFkNGYwMDM0NTQxXkEyXkFqcGdeQXVyMTY3ODkyNDkz._V1_QL75_UX190_CR0,2,190,281_.jpg"
            ],
            "moviegenres": [
                "Action",
                "Comedy",
                "Crime"
            ]
        },
        {
            "movietitle": "Miss Shetty Mr Polishetty",
            "imdbmovieid": "tt15891388",
            "movielanguages": [
                "Hindi",
                "Tamil",
                "Telugu",
                "Kannada",
                "Malayalam"
            ],
            "moviecountries": [
                "United Arab Emirates",
                "India",
                "Singapore",
                "United States"
            ],
            "moviemainphotos": [
                "https://m.media-amazon.com/images/M/MV5BNmM0NjQ3YTItNzc1My00YWQ2LWFiNjUtNWM5YWU1ZmM5ZTU2XkEyXkFqcGdeQXVyMTY3ODkyNDkz._V1_QL75_UX190_CR0,8,190,281_.jpg"
            ],
            "moviegenres": [
                "Comedy",
                "Drama",
                "Romance"
            ]
        },
        {
            "movietitle": "JGM (JanaGanaMana)",
            "imdbmovieid": "tt17511156",
            "movielanguages": [
                "Telugu",
                "Hindi",
                "Tamil",
                "Kannada",
                "Malayalam"
            ],
            "moviecountries": [
                "India"
            ],
            "moviemainphotos": [
                "https://m.media-amazon.com/images/M/MV5BMzU4YzU3NGYtZDRlYi00YzhmLWFlMTktNzk4YzAyZDU3NTdjXkEyXkFqcGdeQXVyMTUwNDczNzE3._V1_QL75_UY281_CR3,0,190,281_.jpg"
            ],
            "moviegenres": [
                "Action",
                "Drama"
            ]
        },
        {
            "movietitle": "Bharateeyans",
            "imdbmovieid": "tt22072116",
            "movielanguages": [
                "Telugu",
                "Hindi",
                "Malayalam",
                "Tamil",
                "Kannada"
            ],
            "moviecountries": [
                "India"
            ],
            "moviemainphotos": [
                "https://m.media-amazon.com/images/M/MV5BMTdhZTg4YjgtY2JkZC00ZTBiLTlhM2MtZDYyMDQ5YjNlZWE0XkEyXkFqcGdeQXVyOTQxNzY1NTE@._V1_QL75_UY281_CR155,0,190,281_.jpg"
            ],
            "moviegenres": [
                "Action"
            ]
        },
        {
            "movietitle": "Salmon 3D",
            "imdbmovieid": "tt12338956",
            "movielanguages": [
                "Hindi",
                "Tamil",
                "Marathi",
                "Malayalam",
                "Telugu",
                "Kannada",
                "Bengali"
            ],
            "moviecountries": [
                "India",
                "Singapore"
            ],
            "moviemainphotos": [
                "https://m.media-amazon.com/images/M/MV5BOTY0MWVkMTctMmYzYi00OGMzLTk2N2QtNTIzZGIxNGMyNGQ2XkEyXkFqcGdeQXVyMzMxMDUzNTk@._V1_QL75_UY281_CR20,0,190,281_.jpg"
            ],
            "moviegenres": [
                "Romance",
                "Thriller"
            ]
        },
        {
            "movietitle": "Spy",
            "imdbmovieid": "tt15509266",
            "movielanguages": [
                "Telugu",
                "Kannada",
                "Hindi",
                "Tamil",
                "Malayalam"
            ],
            "moviecountries": [
                "United States",
                "United Arab Emirates",
                "India",
                "Singapore"
            ],
            "moviemainphotos": [
                "https://m.media-amazon.com/images/M/MV5BYzY3MmJhZDQtNWMyNy00YzQyLWJhOWYtZjc5NWVkOTc0YmNmXkEyXkFqcGdeQXVyMTU0OTAzMDcw._V1_QL75_UY281_CR7,0,190,281_.jpg"
            ],
            "moviegenres": [
                "Action",
                "Thriller"
            ]
        },
        {
            "movietitle": "Adipurush",
            "imdbmovieid": "tt12915716",
            "movielanguages": [
                "Hindi",
                "Telugu",
                "Tamil",
                "Malayalam",
                "Kannada"
            ],
            "moviecountries": [
                "United Arab Emirates",
                "Australia",
                "Canada",
                "Germany",
                "Finland",
                "United Kingdom",
                "Ireland",
                "India",
                "Kuwait",
                "Russia",
                "Singapore",
                "United States"
            ],
            "moviemainphotos": [
                "https://m.media-amazon.com/images/M/MV5BMTIwZWI0Y2YtZGJhZC00MjU4LTliZTUtODVjZjk4Y2FlYzI1XkEyXkFqcGdeQXVyMTE0MTY2Mzk2._V1_QL75_UY281_CR18,0,190,281_.jpg"
            ],
            "moviegenres": [
                "Action",
                "Adventure",
                "Drama"
            ]
        },
        {
            "movietitle": "Pareshan",
            "imdbmovieid": "tt20259046",
            "movielanguages": [
                "Telugu",
                "Tamil",
                "Hindi",
                "Kannada",
                "Malayalam"
            ],
            "moviecountries": [
                "India",
                "United States"
            ],
            "moviemainphotos": [
                "https://m.media-amazon.com/images/M/MV5BYjcwM2Q0MzAtMTY4Ni00NzYwLThlNWUtZGNhMmNhYTg4MmFhXkEyXkFqcGdeQXVyMTA3MDk2NDg2._V1_QL75_UY281_CR5,0,190,281_.jpg"
            ],
            "moviegenres": [
                "Comedy"
            ]
        },
        {
            "movietitle": "Siren",
            "imdbmovieid": "tt26627624",
            "movielanguages": [
                "Kannada",
                "Tamil",
                "Telugu",
                "Hindi",
                "Malayalam"
            ],
            "moviecountries": [
                "India"
            ],
            "moviemainphotos": [
                "https://m.media-amazon.com/images/M/MV5BOTZlOTcyZWQtMzNiMC00YzdjLTg1ZDAtMWE0ZjMyZDM0YmQxXkEyXkFqcGdeQXVyNjY0OTkzMjk@._V1_QL75_UX190_CR0,8,190,281_.jpg"
            ],
            "moviegenres": [
                "Crime",
                "Thriller"
            ]
        },
        {
            "movietitle": "Soppana Sundari",
            "imdbmovieid": "tt24485376",
            "movielanguages": [
                "Tamil",
                "Telugu",
                "Hindi",
                "Malayalam",
                "Kannada"
            ],
            "moviecountries": [
                "United Arab Emirates",
                "France",
                "Ireland",
                "India",
                "Singapore",
                "United States"
            ],
            "moviemainphotos": [
                "https://m.media-amazon.com/images/M/MV5BMTAyMGJmODQtMmI5ZS00MjYzLTk0ZjMtZjkzMGRkY2UyMzQzXkEyXkFqcGdeQXVyMTA3MDk2NDg2._V1_QL75_UY281_CR4,0,190,281_.jpg"
            ],
            "moviegenres": [
                "Comedy",
                "Drama",
                "Thriller"
            ]
        },
        {
            "movietitle": "Kabzaa",
            "imdbmovieid": "tt11364772",
            "movielanguages": [
                "Kannada",
                "Hindi",
                "Tamil",
                "Telugu",
                "Malayalam"
            ],
            "moviecountries": [
                "United Arab Emirates",
                "Germany",
                "Finland",
                "France",
                "Ireland",
                "India",
                "Singapore",
                "United States",
                "India"
            ],
            "moviemainphotos": [
                "https://m.media-amazon.com/images/M/MV5BZDFmNmE2OTYtYmUxOC00ZjE0LWE4ZWEtNzdiMjYxMjIwMzBhXkEyXkFqcGdeQXVyODA4MDA0Mjg@._V1_QL75_UY281_CR4,0,190,281_.jpg"
            ],
            "moviegenres": [
                "Action",
                "Crime",
                "Thriller"
            ]
        },
        {
            "movietitle": "Juliet 2",
            "imdbmovieid": "tt26337526",
            "movielanguages": [
                "Kannada",
                "Malayalam",
                "Tamil",
                "Hindi",
                "Telugu"
            ],
            "moviecountries": [
                "India"
            ],
            "moviemainphotos": [
                "https://m.media-amazon.com/images/M/MV5BNjliNDJhMmQtMGI5ZC00NzAwLTk0NDMtMjU4MGQ1NzRhZDBiXkEyXkFqcGdeQXVyMTYxMjY3OTU3._V1_QL75_UY281_CR5,0,190,281_.jpg"
            ],
            "moviegenres": [
                "Action",
                "Crime",
                "Thriller"
            ]
        },
        {
            "movietitle": "Thugs",
            "imdbmovieid": "tt23951484",
            "movielanguages": [
                "Telugu",
                "Malayalam",
                "Kannada",
                "Hindi",
                "Tamil"
            ],
            "moviecountries": [
                "India",
                "Singapore"
            ],
            "moviemainphotos": [
                "https://m.media-amazon.com/images/M/MV5BOTJiNWYyZWEtNTkwOS00MjgzLThmMjQtNGZhMjNjOGQ1ODhmXkEyXkFqcGdeQXVyMTEzNzg0Mjkx._V1_QL75_UY281_CR24,0,190,281_.jpg"
            ],
            "moviegenres": [
                "Action",
                "Thriller"
            ]
        },
        {
            "movietitle": "#Mute",
            "imdbmovieid": "tt14781376",
            "movielanguages": [
                "Kannada",
                "Tamil",
                "Hindi",
                "Telugu",
                "Malayalam"
            ],
            "moviecountries": [
                "India"
            ],
            "moviemainphotos": [
                "https://m.media-amazon.com/images/M/MV5BYTQ4ODdmMjEtYmI3Ni00NjgzLWE5MzEtNTQ5NjhkOTQ0NjMyXkEyXkFqcGdeQXVyMTYyNjk4NTU3._V1_QL75_UY281_CR22,0,190,281_.jpg"
            ],
            "moviegenres": [
                "Thriller"
            ]
        },
        {
            "movietitle": "Michael",
            "imdbmovieid": "tt15309808",
            "movielanguages": [
                "Tamil",
                "Hindi",
                "Kannada",
                "Telugu",
                "Malayalam"
            ],
            "moviecountries": [
                "United Arab Emirates",
                "France",
                "India",
                "Norway",
                "Singapore",
                "United States"
            ],
            "moviemainphotos": [
                "https://m.media-amazon.com/images/M/MV5BYjlkY2E0MzYtOTk3My00N2JmLTlmZjktNmFlMGMyYWM1YjM3XkEyXkFqcGdeQXVyMTEzNzg0Mjkx._V1_QL75_UY281_CR31,0,190,281_.jpg"
            ],
            "moviegenres": [
                "Action",
                "Crime",
                "Drama"
            ]
        },
        {
            "movietitle": "Veera Simha Reddy",
            "imdbmovieid": "tt15387190",
            "movielanguages": [
                "Telugu",
                "Malayalam",
                "Tamil",
                "Hindi",
                "Kannada"
            ],
            "moviecountries": [
                "United States",
                "United Arab Emirates",
                "France",
                "India",
                "Canada",
                "Ireland",
                "Singapore"
            ],
            "moviemainphotos": [
                "https://m.media-amazon.com/images/M/MV5BZmI0MTEyOWMtYTgzMi00ZGU4LWJhNDQtOWY0NDAyMmQ2NmUyXkEyXkFqcGdeQXVyMTU4Mzg1OTU2._V1_QL75_UY281_CR18,0,190,281_.jpg"
            ],
            "moviegenres": [
                "Action",
                "Drama"
            ]
        },
        {
            "movietitle": "Laththi",
            "imdbmovieid": "tt15341044",
            "movielanguages": [
                "Tamil",
                "Hindi",
                "Telugu",
                "Malayalam",
                "Kannada"
            ],
            "moviecountries": [
                "United Arab Emirates",
                "France",
                "India",
                "Singapore",
                "United States",
                "United Kingdom",
                "Ireland"
            ],
            "moviemainphotos": [
                "https://m.media-amazon.com/images/M/MV5BYTgwMWFlYmQtMjkwZS00OTZiLThjNWItZGZlZjM5MDg0MjFmXkEyXkFqcGdeQXVyMTEzNzg0Mjkx._V1_QL75_UY281_CR18,0,190,281_.jpg"
            ],
            "moviegenres": [
                "Action",
                "Crime",
                "Drama"
            ]
        },
        {
            "movietitle": "Sasanasabha",
            "imdbmovieid": "tt21338378",
            "movielanguages": [
                "Malayalam",
                "Hindi",
                "Kannada",
                "Tamil",
                "Telugu"
            ],
            "moviecountries": [
                "India"
            ],
            "moviemainphotos": [
                "https://m.media-amazon.com/images/M/MV5BMDNkYTg3MTktMWU2Zi00NDJiLWJmODktNmU1ZWM1NDUyOGU2XkEyXkFqcGdeQXVyMTU0ODU2OTI3._V1_QL75_UY281_CR18,0,190,281_.jpg"
            ],
            "moviegenres": [
                "Drama"
            ]
        },
        {
            "movietitle": "Godfather",
            "imdbmovieid": "tt13130308",
            "movielanguages": [
                "Tamil",
                "Kannada",
                "Malayalam",
                "Telugu",
                "Hindi"
            ],
            "moviecountries": [
                "United Arab Emirates",
                "France",
                "Ireland",
                "India",
                "Russia",
                "Singapore",
                "United States",
                "Luxembourg"
            ],
            "moviemainphotos": [
                "https://m.media-amazon.com/images/M/MV5BNjQwMmYzY2QtZTJmNC00N2RhLTlhYjYtYWM0MTBlY2YxNmFlXkEyXkFqcGdeQXVyMTA3MDk2NDg2._V1_QL75_UX190_CR0,3,190,281_.jpg"
            ],
            "moviegenres": [
                "Action",
                "Crime",
                "Drama"
            ]
        },
        {
            "movietitle": "Liger",
            "imdbmovieid": "tt4435072",
            "movielanguages": [
                "Hindi",
                "Tamil",
                "Telugu",
                "Malayalam",
                "Kannada"
            ],
            "moviecountries": [
                "United Arab Emirates",
                "Australia",
                "Germany",
                "France",
                "United Kingdom",
                "Ireland",
                "India",
                "Singapore",
                "Canada",
                "Finland",
                "Indonesia"
            ],
            "moviemainphotos": [
                "https://m.media-amazon.com/images/M/MV5BOGFjYjFhMGUtZDE3Mi00OGE0LWI4YjUtZmRhZGEyYzliMWJmXkEyXkFqcGdeQXVyMTUzOTcyODA5._V1_QL75_UX190_CR0,28,190,281_.jpg"
            ],
            "moviegenres": [
                "Action",
                "Drama",
                "Romance"
            ]
        },
        {
            "movietitle": "Checkmate: The Game Never Ends",
            "imdbmovieid": "tt17163030",
            "movielanguages": [
                "Telugu",
                "Malayalam",
                "Hindi",
                "Kannada",
                "Tamil"
            ],
            "moviecountries": [
                "India"
            ],
            "moviemainphotos": [
                "https://m.media-amazon.com/images/M/MV5BMGQ3YzhkYjktZWE4Yi00MzY4LThjMWQtZWJlNzIxMDU0ZWI2XkEyXkFqcGdeQXVyMTQ4NDQ0MTU2._V1_QL75_UX190_CR0,6,190,281_.jpg"
            ],
            "moviegenres": [
                "Action",
                "Romance"
            ]
        },
        {
            "movietitle": "Lift 8055",
            "imdbmovieid": "tt19246412",
            "movielanguages": [
                "Hindi",
                "Kannada",
                "Tamil",
                "Malayalam",
                "Telugu"
            ],
            "moviecountries": [
                "India"
            ],
            "moviemainphotos": [
                "https://m.media-amazon.com/images/M/MV5BZDAzOWFmMTktMTkxMC00ZTBlLWIyY2EtMjZlOGYxZThkYWYyXkEyXkFqcGdeQXVyMTI0NzQ1MzM4._V1_QL75_UX190_CR0,2,190,281_.jpg"
            ],
            "moviegenres": [
                "Action"
            ]
        },
        {
            "movietitle": "Escape",
            "imdbmovieid": "tt15681172",
            "movielanguages": [
                "Malayalam",
                "Hindi",
                "Tamil",
                "Kannada",
                "Telugu"
            ],
            "moviecountries": [
                "India"
            ],
            "moviemainphotos": [
                "https://m.media-amazon.com/images/M/MV5BMjM2ZWRjYWYtNGVjMS00N2IxLTg4NDItZGU1YzMzNmNiN2Q4XkEyXkFqcGdeQXVyNzczNjUxMTg@._V1_QL75_UY281_CR18,0,190,281_.jpg"
            ],
            "moviegenres": [
                "Thriller"
            ]
        },
        {
            "movietitle": "Valatty",
            "imdbmovieid": "tt12792234",
            "movielanguages": [
                "Malayalam",
                "Tamil",
                "Kannada",
                "Telugu",
                "Hindi"
            ],
            "moviecountries": [
                "India",
                "United Arab Emirates",
                "Kuwait"
            ],
            "moviemainphotos": [
                "https://m.media-amazon.com/images/M/MV5BN2E5NzgwMTktNjY1Mi00OWM2LTgwYzEtMTk1Y2MyYmY5Zjg3XkEyXkFqcGdeQXVyMjkxNzQ1NDI@._V1_QL75_UY281_CR18,0,190,281_.jpg"
            ],
            "moviegenres": [
                "Adventure",
                "Comedy",
                "Romance"
            ]
        },
        {
            "movietitle": "Pichaikkaran 2",
            "imdbmovieid": "tt12782448",
            "movielanguages": [
                "Tamil",
                "Telugu",
                "Kannada",
                "Malayalam",
                "Hindi"
            ],
            "moviecountries": [
                "United Arab Emirates",
                "France",
                "Ireland",
                "India",
                "Singapore",
                "United States"
            ],
            "moviemainphotos": [
                "https://m.media-amazon.com/images/M/MV5BZWIyNzVlYjYtZjgxOC00NmFhLWE1OWMtMjFmZDVhMmE1MGI4XkEyXkFqcGdeQXVyMTY1MzAyNjU4._V1_QL75_UY281_CR8,0,190,281_.jpg"
            ],
            "moviegenres": [
                "Action",
                "Drama",
                "Sci-Fi"
            ]
        },
        {
            "movietitle": "Por Thozhil",
            "imdbmovieid": "tt27542289",
            "movielanguages": [
                "Tamil",
                "Hindi",
                "Kannada",
                "Telugu",
                "Malayalam"
            ],
            "moviecountries": [
                "Ireland",
                "India",
                "United States",
                "United Arab Emirates",
                "United Kingdom",
                "Singapore"
            ],
            "moviemainphotos": [
                "https://m.media-amazon.com/images/M/MV5BY2U5ZjQ2MGMtNDI5ZS00NzJjLTg5YTAtMTVhYWQ4MGE4NmQxXkEyXkFqcGdeQXVyMTY1MzAyNjU4._V1_QL75_UY281_CR6,0,190,281_.jpg"
            ],
            "moviegenres": [
                "Action",
                "Crime",
                "Thriller"
            ]
        },
        {
            "movietitle": "Pushpa: The Rise - Part 1",
            "imdbmovieid": "tt9389998",
            "movielanguages": [
                "Hindi",
                "Tamil",
                "Malayalam",
                "Kannada",
                "Telugu"
            ],
            "moviecountries": [
                "Ireland",
                "United Arab Emirates",
                "Finland",
                "France",
                "United Kingdom",
                "Indonesia",
                "India",
                "Singapore",
                "United States"
            ],
            "moviemainphotos": [
                "https://m.media-amazon.com/images/M/MV5BMDZmZDkyZjUtYzI0MS00NWQ2LWIwMzEtOTczZjE3YWQ2OGU1XkEyXkFqcGdeQXVyMTA3MDk2NDg2._V1_QL75_UX190_CR0,2,190,281_.jpg"
            ],
            "moviegenres": [
                "Action",
                "Crime",
                "Drama"
            ]
        },
        {
            "movietitle": "#Home",
            "imdbmovieid": "tt10534500",
            "movielanguages": [
                "Malayalam",
                "Telugu",
                "Kannada",
                "Tamil",
                "Hindi"
            ],
            "moviecountries": [],
            "moviemainphotos": [
                "https://m.media-amazon.com/images/M/MV5BNWU1ZmNlYTctYmY1My00ZDlmLTk3M2EtZDcxY2E1ZGU0N2YzXkEyXkFqcGdeQXVyMTI1NDAzMzM0._V1_QL75_UY281_CR18,0,190,281_.jpg"
            ],
            "moviegenres": [
                "Drama",
                "Family"
            ]
        },
        {
            "movietitle": "Passion",
            "imdbmovieid": "tt15079718",
            "movielanguages": [
                "Hindi",
                "Tamil",
                "Telugu",
                "Kannada",
                "Malayalam",
                "Bengali",
                "Bhojpuri"
            ],
            "moviecountries": [],
            "moviemainphotos": [
                "https://m.media-amazon.com/images/M/MV5BNjM2MjEyOTUtN2ZlYS00MTZhLWI4YTQtMTBhNTdmYTZiZDg2XkEyXkFqcGdeQXVyODYxODQyMjU@._V1_QL75_UY281_CR11,0,190,281_.jpg"
            ],
            "moviegenres": [
                "Crime",
                "Thriller"
            ]
        },
        {
            "movietitle": "Cold Case",
            "imdbmovieid": "tt13391696",
            "movielanguages": [
                "Malayalam",
                "Hindi",
                "Tamil",
                "Telugu",
                "Kannada"
            ],
            "moviecountries": [],
            "moviemainphotos": [
                "https://m.media-amazon.com/images/M/MV5BNDcyMWJjMmUtMjBjNS00MjU5LThkMGQtN2Q2MzUxZmYzMjA2XkEyXkFqcGdeQXVyMjkxNzQ1NDI@._V1_QL75_UY281_CR18,0,190,281_.jpg"
            ],
            "moviegenres": [
                "Horror",
                "Mystery",
                "Thriller"
            ]
        },
        {
            "movietitle": "Shakeela",
            "imdbmovieid": "tt9390240",
            "movielanguages": [
                "Hindi",
                "Telugu",
                "Malayalam",
                "Tamil",
                "Kannada"
            ],
            "moviecountries": [
                "India"
            ],
            "moviemainphotos": [
                "https://m.media-amazon.com/images/M/MV5BNWM4NjhjYmQtMmY3OC00YjQ4LThlYjgtNDI0MmU3YTI2M2RhXkEyXkFqcGdeQXVyODE5NzE3OTE@._V1_QL75_UY281_CR12,0,190,281_.jpg"
            ],
            "moviegenres": [
                "Biography",
                "Drama"
            ]
        },
        {
            "movietitle": "Bheeshma",
            "imdbmovieid": "tt11199356",
            "movielanguages": [
                "Telugu",
                "Hindi",
                "Tamil",
                "Malayalam",
                "Kannada"
            ],
            "moviecountries": [
                "Australia",
                "Canada",
                "United Kingdom",
                "India",
                "New Zealand",
                "United States"
            ],
            "moviemainphotos": [
                "https://m.media-amazon.com/images/M/MV5BZTU2MDVlMjMtNGNkMC00ZmIzLTg4YjYtZTk0NmE5NjJhODZhXkEyXkFqcGdeQXVyMTEzNzg0Mjkx._V1_QL75_UX190_CR0,11,190,281_.jpg"
            ],
            "moviegenres": [
                "Action",
                "Comedy",
                "Romance"
            ]
        },
        {
            "movietitle": "Pailwaan",
            "imdbmovieid": "tt7317482",
            "movielanguages": [
                "Kannada",
                "Hindi",
                "Malayalam",
                "Telugu",
                "Tamil"
            ],
            "moviecountries": [
                "United Arab Emirates",
                "Australia",
                "Bahrain",
                "Canada",
                "India",
                "Kenya",
                "Kuwait",
                "Sri Lanka",
                "Malaysia",
                "Oman",
                "Qatar",
                "Singapore",
                "Tanzania",
                "Uganda",
                "United States",
                "United Kingdom",
                "Ireland",
                "Denmark",
                "France",
                "Germany",
                "Sweden",
                "Belgium",
                "Netherlands"
            ],
            "moviemainphotos": [
                "https://m.media-amazon.com/images/M/MV5BNTc3YTRjMjItOTZjOC00NmQ2LWEwMzYtOWE1NTk0NGQ1YTFmXkEyXkFqcGdeQXVyNjkwOTg4MTA@._V1_QL75_UX190_CR0,2,190,281_.jpg"
            ],
            "moviegenres": [
                "Action",
                "Drama",
                "Sport"
            ]
        },
        {
            "movietitle": "Muppathu Vellikkasu",
            "imdbmovieid": "tt8841756",
            "movielanguages": [
                "Malayalam",
                "Telugu",
                "Kannada",
                "Hindi",
                "Tamil"
            ],
            "moviecountries": [
                "India"
            ],
            "moviemainphotos": [
                "https://m.media-amazon.com/images/M/MV5BMDYxOWIyZDAtYTk3YS00ZWRhLWIzOTEtZDg5MjBmOGVkMDFjXkEyXkFqcGdeQXVyMTEzNzg0Mjkx._V1_QL75_UY281_CR5,0,190,281_.jpg"
            ],
            "moviegenres": [
                "History"
            ]
        },
        {
            "movietitle": "Mahanadhi",
            "imdbmovieid": "tt2486260",
            "movielanguages": [
                "Kannada",
                "Telugu",
                "Tamil",
                "Malayalam",
                "Hindi"
            ],
            "moviecountries": [
                "India"
            ],
            "moviemainphotos": [
                "https://m.media-amazon.com/images/M/MV5BNGE3YTQxMDgtZGMxYy00ODNmLTg4YzctYmVkODBmNWUxYjhhXkEyXkFqcGdeQXRyYW5zY29kZS13b3JrZmxvdw@@._V1_QL75_UX500_CR0,0,500,281_.jpg"
            ],
            "moviegenres": [
                "Drama",
                "Family",
                "History"
            ]
        },
        {
            "movietitle": "Chaarulatha",
            "imdbmovieid": "tt3144084",
            "movielanguages": [
                "Kannada",
                "Tamil",
                "Telugu",
                "Malayalam",
                "Hindi"
            ],
            "moviecountries": [],
            "moviemainphotos": [
                "https://m.media-amazon.com/images/M/MV5BNjA3MDY3MzI3MF5BMl5BanBnXkFtZTgwMzUxMDA3MjE@._V1_QL75_UY281_CR2,0,190,281_.jpg"
            ],
            "moviegenres": [
                "Horror",
                "Thriller"
            ]
        },
        {
            "movietitle": "Kannadadda Kiran Bedi",
            "imdbmovieid": "tt14148330",
            "movielanguages": [
                "Kannada",
                "Hindi",
                "Tamil",
                "Telugu",
                "Malayalam"
            ],
            "moviecountries": [
                "India"
            ],
            "moviemainphotos": [
                "https://m.media-amazon.com/images/M/MV5BODA0MmNhZGEtYWQ0MS00ZGMyLTlkMjctNDgyMDE0MzljMDJjXkEyXkFqcGdeQXVyOTY3OTAzOTQ@._V1_QL75_UY281_CR9,0,190,281_.jpg"
            ],
            "moviegenres": [
                "Drama"
            ]
        },
        {
            "movietitle": "Thriyathri",
            "imdbmovieid": "tt0271827",
            "movielanguages": [
                "Kannada",
                "Tamil",
                "Telugu",
                "Bengali",
                "Hindi",
                "Malayalam"
            ],
            "moviecountries": [
                "India"
            ],
            "moviemainphotos": [
                "https://m.media-amazon.com/images/M/MV5BZjA3ZmVjOGYtMzY4NS00NzA0LTg3Y2EtYTJiM2ZhNWVkZDgzXkEyXkFqcGdeQXVyNTc4NzgzNDg@._V1_QL75_UY281_CR81,0,190,281_.jpg"
            ],
            "moviegenres": [
                "Drama"
            ]
        },
        {
            "movietitle": "Kannur Squad",
            "imdbmovieid": "tt25274786",
            "movielanguages": [
                "Malayalam",
                "Kannada",
                "Hindi",
                "Telugu",
                "Tamil"
            ],
            "moviecountries": [
                "United Arab Emirates",
                "Bahrain",
                "Canada",
                "United Kingdom",
                "Ireland",
                "India",
                "Kuwait",
                "Oman",
                "Qatar",
                "Saudi Arabia",
                "United States",
                "Singapore"
            ],
            "moviemainphotos": [
                "https://m.media-amazon.com/images/M/MV5BNTMxZTQ1ZmEtOWM3Ny00MGQzLTgyMjgtZGMzNDM0YjVhZjMzXkEyXkFqcGdeQXVyMjkxNzQ1NDI@._V1_QL75_UY281_CR2,0,190,281_.jpg"
            ],
            "moviegenres": [
                "Action",
                "Crime",
                "Drama"
            ]
        },
        {
            "movietitle": "Pretha",
            "imdbmovieid": "tt28508299",
            "movielanguages": [
                "Kannada",
                "Telugu",
                "Malayalam",
                "Hindi",
                "Tamil"
            ],
            "moviecountries": [
                "India"
            ],
            "moviemainphotos": [
                "https://m.media-amazon.com/images/M/MV5BZTY4YTBhYTgtMmQxYy00OGQyLThlMjktZDQ4ODZiYjY3N2Y1XkEyXkFqcGdeQXVyMTUzNTgzNzM0._V1_QL75_UY281_CR18,0,190,281_.jpg"
            ],
            "moviegenres": []
        },
        {
            "movietitle": "Bramayugam",
            "imdbmovieid": "tt27431598",
            "movielanguages": [
                "Malayalam",
                "Kannada",
                "Hindi",
                "Tamil",
                "Telugu"
            ],
            "moviecountries": [
                "United Arab Emirates",
                "Australia",
                "France",
                "United Kingdom",
                "India",
                "Kuwait",
                "New Zealand",
                "Oman",
                "Qatar",
                "Saudi Arabia",
                "United States",
                "Ireland",
                "India"
            ],
            "moviemainphotos": [
                "https://m.media-amazon.com/images/M/MV5BMTI4NmMwYWUtMWU0ZC00N2ZmLTgzOWYtODNmMDdiYTFjMjBlXkEyXkFqcGdeQXVyMzI4MzEwNQ@@._V1_QL75_UX190_CR0,28,190,281_.jpg"
            ],
            "moviegenres": [
                "Horror",
                "Thriller"
            ]
        },
        {
            "movietitle": "Lal Salaam",
            "imdbmovieid": "tt23461428",
            "movielanguages": [
                "Tamil",
                "Hindi",
                "Telugu",
                "Kannada",
                "Malayalam"
            ],
            "moviecountries": [
                "France",
                "Ireland",
                "India"
            ],
            "moviemainphotos": [
                "https://m.media-amazon.com/images/M/MV5BNzMyYzg1NDUtYmQ5Yi00ZmZjLWI1YTUtODdlM2FlZjczZTkxXkEyXkFqcGdeQXVyMTUzNTgzNzM0._V1_QL75_UX190_CR0,8,190,281_.jpg"
            ],
            "moviegenres": [
                "Action",
                "Drama",
                "Sport"
            ]
        },
        {
            "movietitle": "Ae Watan Mere Watan",
            "imdbmovieid": "tt19864942",
            "movielanguages": [
                "Hindi",
                "Malayalam",
                "Tamil",
                "Telugu",
                "Kannada"
            ],
            "moviecountries": [],
            "moviemainphotos": [
                "https://m.media-amazon.com/images/M/MV5BMzQ5MWNjNDItMDQzMC00ODQzLTg4YmItZWZmYjFhM2E5YzRmXkEyXkFqcGdeQXVyODE5NzE3OTE@._V1_QL75_UY281_CR18,0,190,281_.jpg"
            ],
            "moviegenres": [
                "Biography",
                "Drama",
                "History"
            ]
        },
        {
            "movietitle": "Sathur",
            "imdbmovieid": "tt24337968",
            "movielanguages": [
                "English",
                "Kannada",
                "Malayalam",
                "Tamil",
                "Telugu"
            ],
            "moviecountries": [
                "India"
            ],
            "moviemainphotos": [
                "https://m.media-amazon.com/images/M/MV5BMjBmNWUxNjYtOTVkMi00OWFmLTg1ZDMtMjY5YWVjZGNkNzk0XkEyXkFqcGdeQXVyMTYwNjAzOTc4._V1_QL75_UY281_CR11,0,190,281_.jpg"
            ],
            "moviegenres": [
                "Action",
                "Sci-Fi",
                "Thriller"
            ]
        },
        {
            "movietitle": "Dhira",
            "imdbmovieid": "tt13449672",
            "movielanguages": [
                "Tamil",
                "Bengali",
                "Malayalam",
                "Kannada",
                "Punjabi",
                "Oriya",
                "Bhojpuri",
                "Gujarati",
                "English",
                "Marathi",
                "Telugu"
            ],
            "moviecountries": [],
            "moviemainphotos": [
                "https://m.media-amazon.com/images/M/MV5BNGEzODU2ZDItMTFkNi00ZGVjLWFlOTktYzUzNWFmZmM3YWFlXkEyXkFqcGdeQXVyMTI2MDYzMjc5._V1_QL75_UY281_CR11,0,190,281_.jpg"
            ],
            "moviegenres": [
                "Animation"
            ]
        },
        {
            "movietitle": "Mission: Chapter 1",
            "imdbmovieid": "tt23752056",
            "movielanguages": [
                "Tamil",
                "Telugu",
                "Malayalam",
                "Kannada"
            ],
            "moviecountries": [
                "France",
                "India"
            ],
            "moviemainphotos": [
                "https://m.media-amazon.com/images/M/MV5BYmQzZjgxYTAtZWQ2OS00MGVjLTgyZWYtNWE0ZWUwMzE1ODUxXkEyXkFqcGdeQXVyMTUyNjIwMDEw._V1_QL75_UX190_CR0,2,190,281_.jpg"
            ],
            "moviegenres": [
                "Action",
                "Thriller"
            ]
        },
        {
            "movietitle": "Kattil",
            "imdbmovieid": "tt22006694",
            "movielanguages": [
                "Tamil",
                "Malayalam",
                "Kannada",
                "Telugu"
            ],
            "moviecountries": [
                "India"
            ],
            "moviemainphotos": [
                "https://m.media-amazon.com/images/M/MV5BZDJlZDA1ODktMTQ3My00ZDdkLWJhOGEtYjJjYThiNjRiZmY4XkEyXkFqcGdeQXVyMTQ3Mzk2MDg4._V1_QL75_UY281_CR19,0,190,281_.jpg"
            ],
            "moviegenres": [
                "Drama"
            ]
        },
        {
            "movietitle": "Conjuring Kannappan",
            "imdbmovieid": "tt29230279",
            "movielanguages": [
                "Kannada",
                "Malayalam",
                "Telugu",
                "Tamil"
            ],
            "moviecountries": [
                "India"
            ],
            "moviemainphotos": [
                "https://m.media-amazon.com/images/M/MV5BYjIyNDZjOTEtYjdiMS00MDYyLTg2NTUtMWE2Nzk2YWVlMjJjXkEyXkFqcGdeQXVyMTUyNjIwMDEw._V1_QL75_UX190_CR0,2,190,281_.jpg"
            ],
            "moviegenres": [
                "Horror"
            ]
        },
        {
            "movietitle": "Atharva",
            "imdbmovieid": "tt27191600",
            "movielanguages": [
                "Telugu",
                "Tamil",
                "Malayalam",
                "Kannada"
            ],
            "moviecountries": [
                "India"
            ],
            "moviemainphotos": [
                "https://m.media-amazon.com/images/M/MV5BZWI1OWExZTAtZGIxMS00YTZkLTg4ZjctMzY4MjYyYzgyNTRjXkEyXkFqcGdeQXVyMTA0MDMwNDEy._V1_QL75_UY281_CR5,0,190,281_.jpg"
            ],
            "moviegenres": [
                "Crime",
                "Drama",
                "Thriller"
            ]
        },
        {
            "movietitle": "Sapta Sagaradaache Ello: Side B",
            "imdbmovieid": "tt28857146",
            "movielanguages": [
                "Kannada",
                "Telugu",
                "Tamil",
                "Malayalam"
            ],
            "moviecountries": [
                "Germany",
                "Ireland",
                "India",
                "United States"
            ],
            "moviemainphotos": [
                "https://m.media-amazon.com/images/M/MV5BYzQ4MjUwMjItYjYxOC00NzU1LTkxMDYtZGJlYmMyYzI5NzIzXkEyXkFqcGdeQXVyMTA1NzEzOTU1._V1_QL75_UY281_CR3,0,190,281_.jpg"
            ],
            "moviegenres": [
                "Drama",
                "Romance"
            ]
        },
        {
            "movietitle": "My Name Is Shruthi",
            "imdbmovieid": "tt23635174",
            "movielanguages": [
                "Telugu",
                "Malayalam",
                "Kannada",
                "Tamil"
            ],
            "moviecountries": [
                "India"
            ],
            "moviemainphotos": [
                "https://m.media-amazon.com/images/M/MV5BMDg2YzkwYzctMDYyZi00NTdhLTg5OTQtNGY5NjVhYjUzMzM0XkEyXkFqcGdeQXVyMTQ3Mzk2MDg4._V1_QL75_UY281_CR19,0,190,281_.jpg"
            ],
            "moviegenres": [
                "Thriller"
            ]
        },
        {
            "movietitle": "Irugapatru",
            "imdbmovieid": "tt16103606",
            "movielanguages": [
                "Tamil",
                "Malayalam",
                "Telugu",
                "Kannada"
            ],
            "moviecountries": [
                "India",
                "United Arab Emirates"
            ],
            "moviemainphotos": [
                "https://m.media-amazon.com/images/M/MV5BZTBmNmM4ZTUtZTY4Ni00YzlhLWE0MDQtZGE0OWRlM2IwNzgyXkEyXkFqcGdeQXVyMTY0MDk0NjE3._V1_QL75_UY281_CR18,0,190,281_.jpg"
            ],
            "moviegenres": [
                "Drama"
            ]
        },
        {
            "movietitle": "Skanda",
            "imdbmovieid": "tt27328206",
            "movielanguages": [
                "Telugu",
                "Malayalam",
                "Tamil",
                "Kannada"
            ],
            "moviecountries": [
                "United Arab Emirates",
                "France",
                "India",
                "Kuwait",
                "United States",
                "Ireland",
                "Singapore"
            ],
            "moviemainphotos": [
                "https://m.media-amazon.com/images/M/MV5BMWZjOWViOGQtMTg1Yy00OGFmLTgyZmEtMWQwM2U4MTBhZTc1XkEyXkFqcGdeQXVyMTUwMDg3OTQy._V1_QL75_UY281_CR5,0,190,281_.jpg"
            ],
            "moviegenres": [
                "Action",
                "Drama",
                "Romance"
            ]
        },
        {
            "movietitle": "Mark Antony",
            "imdbmovieid": "tt23052532",
            "movielanguages": [
                "Tamil",
                "Telugu",
                "Malayalam",
                "Kannada"
            ],
            "moviecountries": [
                "United Arab Emirates",
                "France",
                "United Kingdom",
                "Ireland",
                "India",
                "Singapore",
                "United States",
                "France"
            ],
            "moviemainphotos": [
                "https://m.media-amazon.com/images/M/MV5BNmYyNjM0NmQtNzdhZi00ZDYxLThkMGItMTMwMzkyMThiYzQ0XkEyXkFqcGdeQXVyMTY3ODkyNDkz._V1_QL75_UY281_CR1,0,190,281_.jpg"
            ],
            "moviegenres": [
                "Action",
                "Comedy",
                "Drama"
            ]
        },
        {
            "movietitle": "Pizza 3: The Mummy",
            "imdbmovieid": "tt13773770",
            "movielanguages": [
                "Tamil",
                "Malayalam",
                "Kannada",
                "Telugu"
            ],
            "moviecountries": [
                "India"
            ],
            "moviemainphotos": [
                "https://m.media-amazon.com/images/M/MV5BOTljYjRlN2UtOThmMC00MzgzLWE5ZWMtM2JkODFkYTE1ZjkwXkEyXkFqcGdeQXVyMTI1NDAzMzM0._V1_QL75_UX190_CR0,8,190,281_.jpg"
            ],
            "moviegenres": [
                "Drama",
                "Horror",
                "Thriller"
            ]
        },
        {
            "movietitle": "Kirkkan",
            "imdbmovieid": "tt27598854",
            "movielanguages": [
                "Malayalam",
                "Tamil",
                "Kannada",
                "Telugu"
            ],
            "moviecountries": [
                "India"
            ],
            "moviemainphotos": [
                "https://m.media-amazon.com/images/M/MV5BNDNkNmNhZDctZTgwMC00YmI2LWE5OGEtYzE1YTAwZGFiODU4XkEyXkFqcGdeQXVyMTUzNTgzNzM0._V1_QL75_UY281_CR19,0,190,281_.jpg"
            ],
            "moviegenres": [
                "Crime",
                "Drama",
                "Thriller"
            ]
        },
        {
            "movietitle": "Maamannan",
            "imdbmovieid": "tt20242416",
            "movielanguages": [
                "Tamil",
                "Telugu",
                "Kannada",
                "Malayalam"
            ],
            "moviecountries": [
                "United States",
                "United Arab Emirates",
                "France",
                "United Kingdom",
                "Ireland",
                "India",
                "Singapore"
            ],
            "moviemainphotos": [
                "https://m.media-amazon.com/images/M/MV5BNjFmMTI3MTUtMTdmNS00ODI0LWEwM2UtMDVjOTAxZmFhODg5XkEyXkFqcGdeQXVyMTY1MzAyNjU4._V1_QL75_UY281_CR16,0,190,281_.jpg"
            ],
            "moviegenres": [
                "Action",
                "Drama",
                "Thriller"
            ]
        },
        {
            "movietitle": "Asvins",
            "imdbmovieid": "tt27080643",
            "movielanguages": [
                "Tamil",
                "Telugu",
                "Kannada",
                "Malayalam"
            ],
            "moviecountries": [
                "India"
            ],
            "moviemainphotos": [
                "https://m.media-amazon.com/images/M/MV5BZDk3NzU5ODMtZDhhMi00OWMwLWFkMzQtNzFmMjIwMGIxNzMwXkEyXkFqcGdeQXVyMTQ3Mzk2MDg4._V1_QL75_UY281_CR15,0,190,281_.jpg"
            ],
            "moviegenres": [
                "Horror",
                "Thriller"
            ]
        },
        {
            "movietitle": "Thandatti",
            "imdbmovieid": "tt26733340",
            "movielanguages": [
                "Tamil",
                "Kannada",
                "Telugu",
                "Malayalam"
            ],
            "moviecountries": [
                "India",
                "United Arab Emirates"
            ],
            "moviemainphotos": [
                "https://m.media-amazon.com/images/M/MV5BYjg3MjdiY2ItMTdjYy00MGZkLWFhOTgtNWVhYzhhMzdlNTU4XkEyXkFqcGdeQXVyMTUyNjIwMDEw._V1_QL75_UY281_CR4,0,190,281_.jpg"
            ],
            "moviegenres": [
                "Comedy",
                "Thriller"
            ]
        }
    ]


